epoch,accuracy,last_accuracy,learning_rate,loss,top5,val_accuracy,val_last_accuracy,val_loss,val_top5
0,0.27937567234039307,0.26965001225471497,0.0003000000142492354,2.981172561645508,0.5017533898353577,0.3299955427646637,0.30054524540901184,2.550753116607666,0.62235426902771
1,0.33465468883514404,0.31520000100135803,0.0003000000142492354,2.5004537105560303,0.6364393830299377,0.359628826379776,0.3400467336177826,2.356095790863037,0.6698610186576843
2,0.3490634858608246,0.3397499918937683,0.0003000000142492354,2.386373519897461,0.6665178537368774,0.36921602487564087,0.3569600582122803,2.2829463481903076,0.6889365315437317
3,0.3595055639743805,0.342849999666214,0.0003000000142492354,2.319873571395874,0.6833551526069641,0.37628963589668274,0.3629687428474426,2.242356777191162,0.6980360746383667
4,0.36847686767578125,0.35740000009536743,0.0003000000142492354,2.266911745071411,0.6970785856246948,0.38871338963508606,0.3756537139415741,2.185011863708496,0.7137277722358704
5,0.379756361246109,0.3707500100135803,0.0003000000142492354,2.213107109069824,0.7101448178291321,0.39378103613853455,0.3772115409374237,2.1433191299438477,0.7278090715408325
6,0.3940971791744232,0.3763999938964844,0.0003000000142492354,2.152296304702759,0.7260514497756958,0.42978376150131226,0.4078112840652466,2.0181963443756104,0.7531677484512329
7,0.4120337963104248,0.3942500054836273,0.0003000000142492354,2.0818352699279785,0.7425001859664917,0.4552343785762787,0.42071881890296936,1.927039384841919,0.7718153595924377
8,0.43072518706321716,0.4092499911785126,0.0003000000142492354,2.0160586833953857,0.7568928003311157,0.4812913239002228,0.4460887908935547,1.8354809284210205,0.7905118465423584
9,0.4498577117919922,0.4268999993801117,0.0003000000142492354,1.9491642713546753,0.7710427045822144,0.5023273825645447,0.46845442056655884,1.7668112516403198,0.8046618700027466
10,0.4668456017971039,0.4386500120162964,0.0003000000142492354,1.8899258375167847,0.7828967571258545,0.5252997875213623,0.4912651479244232,1.6971083879470825,0.8177412748336792
11,0.4847847521305084,0.4666000008583069,0.0003000000142492354,1.831178069114685,0.7942832112312317,0.5448610186576843,0.5130744576454163,1.6389012336730957,0.8269783854484558
12,0.5006392598152161,0.47850000858306885,0.0003000000142492354,1.7781872749328613,0.8037609457969666,0.5599520206451416,0.5415600538253784,1.585068941116333,0.8361011743545532
13,0.5154498219490051,0.49775001406669617,0.0003000000142492354,1.7303732633590698,0.8119702935218811,0.5766052007675171,0.5651496648788452,1.5375195741653442,0.843730628490448
14,0.5300078392028809,0.5168499946594238,0.0003000000142492354,1.6827243566513062,0.8203030228614807,0.5891785025596619,0.5864025950431824,1.4975674152374268,0.8504791259765625
15,0.5425127148628235,0.5380499958992004,0.0003000000142492354,1.6425564289093018,0.8265541791915894,0.6016911864280701,0.6112161874771118,1.4609110355377197,0.8554050922393799
16,0.5537888407707214,0.5559499859809875,0.0003000000142492354,1.6039127111434937,0.8330249190330505,0.6118419170379639,0.6256815195083618,1.4303146600723267,0.8599206805229187
17,0.5659276247024536,0.5751500129699707,0.0003000000142492354,1.5638401508331299,0.8392369151115417,0.620698869228363,0.6349170804023743,1.4042658805847168,0.8637567758560181
18,0.5733238458633423,0.5843999981880188,0.0003000000142492354,1.5386526584625244,0.8429091572761536,0.6258060932159424,0.6411483287811279,1.3869024515151978,0.865979790687561
19,0.5835176706314087,0.5987499952316284,0.0003000000142492354,1.5031311511993408,0.8482980728149414,0.6319212317466736,0.6494936943054199,1.3707501888275146,0.8683191537857056
20,0.5890935659408569,0.6032000184059143,0.0003000000142492354,1.4834892749786377,0.8510948419570923,0.6381931304931641,0.6570602059364319,1.34757661819458,0.8709362149238586
21,0.5963717699050903,0.6118999719619751,0.0003000000142492354,1.4581247568130493,0.8550400137901306,0.6420928239822388,0.6652942895889282,1.3335788249969482,0.8722312450408936
22,0.6004545092582703,0.6182000041007996,0.0003000000142492354,1.4435430765151978,0.8568896651268005,0.6452149748802185,0.6680760979652405,1.3243255615234375,0.8735238909721375
23,0.6058201193809509,0.6245999932289124,0.0003000000142492354,1.4237558841705322,0.8599925637245178,0.6480008959770203,0.673305869102478,1.3136221170425415,0.8748830556869507
24,0.6107330918312073,0.6264500021934509,0.0003000000142492354,1.4050369262695312,0.862876832485199,0.6514220833778381,0.674752414226532,1.298970341682434,0.8761526942253113
25,0.6140334010124207,0.6320499777793884,0.0003000000142492354,1.3932079076766968,0.864540159702301,0.6537163853645325,0.6787582039833069,1.2962486743927002,0.8768794536590576
26,0.6177474856376648,0.6378499865531921,0.0003000000142492354,1.3780933618545532,0.8667429685592651,0.6557472944259644,0.6829865574836731,1.286354660987854,0.8784594535827637
27,0.6231510639190674,0.642549991607666,0.0003000000142492354,1.3596597909927368,0.869436502456665,0.6565420627593994,0.6806498169898987,1.2855056524276733,0.8785335421562195
28,0.6259898543357849,0.6395999789237976,0.0003000000142492354,1.3484604358673096,0.870796799659729,0.6580301523208618,0.6799821853637695,1.2799171209335327,0.8792300820350647
29,0.6290679574012756,0.6439999938011169,0.0003000000142492354,1.3368477821350098,0.8727095723152161,0.6604118347167969,0.687771201133728,1.267813801765442,0.8808932900428772
30,0.6325319409370422,0.6575499773025513,0.0003000000142492354,1.3226995468139648,0.8747266530990601,0.6618288159370422,0.6887726783752441,1.2606631517410278,0.8811747431755066
31,0.635931134223938,0.6542999744415283,0.0003000000142492354,1.311133623123169,0.8763580322265625,0.6634657382965088,0.6928897500038147,1.2562416791915894,0.8819501399993896
32,0.6396109461784363,0.6582499742507935,0.0003000000142492354,1.2982301712036133,0.8780259490013123,0.6656990051269531,0.6952264308929443,1.2510508298873901,0.8822133541107178
33,0.6408553719520569,0.6665499806404114,0.0003000000142492354,1.292087197303772,0.8788887858390808,0.6666719317436218,0.6941137313842773,1.246184229850769,0.8829829096794128
34,0.644189178943634,0.6608999967575073,0.0003000000142492354,1.2802070379257202,0.8804789781570435,0.6675853729248047,0.6966729760169983,1.2456601858139038,0.8832967281341553
35,0.6475522518157959,0.6686000227928162,0.0003000000142492354,1.267504334449768,0.8823445439338684,0.6679978966712952,0.6971180438995361,1.2437443733215332,0.8838191628456116
36,0.6492564678192139,0.673550009727478,0.0003000000142492354,1.2591458559036255,0.883552610874176,0.6697951555252075,0.6985645890235901,1.2426059246063232,0.8841968774795532
37,0.6498844027519226,0.672950029373169,0.0003000000142492354,1.25685453414917,0.8839983344078064,0.6711130738258362,0.6994547843933105,1.235324501991272,0.8843905329704285
38,0.65382981300354,0.676800012588501,0.0003000000142492354,1.2426046133041382,0.8856828212738037,0.6714714169502258,0.701457679271698,1.2366416454315186,0.8848523497581482
39,0.6554479598999023,0.6725500226020813,0.0003000000142492354,1.235632061958313,0.8869667053222656,0.6729660034179688,0.7030154466629028,1.2328338623046875,0.8852795958518982
40,0.657318651676178,0.6757000088691711,0.0003000000142492354,1.2287418842315674,0.8878890872001648,0.6729660034179688,0.7024590969085693,1.2307161092758179,0.8849105834960938
41,0.6596642732620239,0.6851999759674072,0.0003000000142492354,1.218765377998352,0.8892021775245667,0.6742390990257263,0.7067987322807312,1.2304407358169556,0.8859085440635681
42,0.6614707112312317,0.6866000294685364,0.0003000000142492354,1.2120239734649658,0.8900423645973206,0.6740686893463135,0.7051296234130859,1.2267167568206787,0.8855594992637634
43,0.6639851331710815,0.6815999746322632,0.0003000000142492354,1.2026516199111938,0.8911442160606384,0.6746833324432373,0.7066874504089355,1.2286603450775146,0.8855293393135071
44,0.6655946373939514,0.6898499727249146,0.0003000000142492354,1.1957781314849854,0.8921698331832886,0.6752092242240906,0.7054634690284729,1.2262789011001587,0.8862314820289612
45,0.6671066284179688,0.6858500242233276,0.0003000000142492354,1.1893390417099,0.8930887579917908,0.6750351786613464,0.7052409052848816,1.2297734022140503,0.8860415816307068
46,0.6683160066604614,0.6891499757766724,0.0003000000142492354,1.1847988367080688,0.8937481641769409,0.6751225590705872,0.7060198187828064,1.2281814813613892,0.88601154088974
47,0.6701644659042358,0.6870499849319458,0.0003000000142492354,1.1769052743911743,0.8948440551757812,0.6767329573631287,0.70980304479599,1.2243298292160034,0.8866300582885742
48,0.6726869344711304,0.6913999915122986,0.0003000000142492354,1.1669734716415405,0.8962514400482178,0.6761593818664551,0.7099143266677856,1.2256121635437012,0.8864714503288269
49,0.6742441654205322,0.692799985408783,0.0003000000142492354,1.1608984470367432,0.8971008062362671,0.676652729511261,0.7082452178001404,1.2228987216949463,0.8868028521537781
50,0.6755814552307129,0.6951000094413757,0.0003000000142492354,1.1552575826644897,0.8980969786643982,0.6759670376777649,0.7056859731674194,1.2244380712509155,0.8862442970275879
51,0.6780017614364624,0.6988999843597412,0.0003000000142492354,1.1464242935180664,0.8989834189414978,0.6773490309715271,0.7069099545478821,1.2245301008224487,0.8863186240196228
52,0.6781455874443054,0.7007499933242798,0.0003000000142492354,1.145291805267334,0.8992305397987366,0.6767807602882385,0.7099143266677856,1.2250005006790161,0.8867178559303284
53,0.6830704808235168,0.7033500075340271,0.0001500000071246177,1.124834656715393,0.9018972516059875,0.6786097884178162,0.7085790634155273,1.2204627990722656,0.8876000046730042
54,0.6846578121185303,0.7051500082015991,0.0001500000071246177,1.1180121898651123,0.9029818177223206,0.6784241795539856,0.7100256085395813,1.2247499227523804,0.8867589831352234
55,0.6860317587852478,0.7135999798774719,0.0001500000071246177,1.1133543252944946,0.9035421013832092,0.6781907677650452,0.7100256085395813,1.2238223552703857,0.886929988861084
56,0.6871781945228577,0.7106000185012817,0.0001500000071246177,1.1088145971298218,0.9043086171150208,0.6780266761779785,0.7057972550392151,1.2244532108306885,0.8868113160133362
57,0.6900971531867981,0.7130500078201294,7.500000356230885e-05,1.0973515510559082,0.9056171178817749,0.6786595582962036,0.7082452178001404,1.225935459136963,0.8871607780456543
58,0.6904116272926331,0.7177000045776367,7.500000356230885e-05,1.0962015390396118,0.9055501222610474,0.6791989207267761,0.7084677815437317,1.2228052616119385,0.887464165687561
